firstname,lastname,lastname_xtra,prod_desc,domain,dotcom
Ada,FLOYD,jnr,miller-light,redneck,com
Alden,MACDONALD,snr,bud-light,monster-trux,usa
Augustus,YODER,the3rd,coors,yahoo,freedom
Bart,LOGAN,the2nd,freedom-flag,alabama,pickup
Bettina,LINDSEY,the4th,camo-shirt,south-carolina,chevy
Billy,NICHOLSON,,koozie-6-pack,north-carolina,theflag
Billy-Bob,JACOBSON,,snuff-buckle,tennessee,starzNstripes
Billy-Ray,GARRISON,,alligator-cage,kentucky,mud
Bo,WALTER,,gatorade,mississippi,tailgate
Bobby Joe,KLINE,,corvette,florida,spitoon
Bodean,ALLISON,,mustang,,
Bryar,SKINNER,,confederate-truck-dice,,
Bubba,SILVA,,packOsmokes,,
Bucephelus,CHASE,,gas,,
Buck,INGRAM,,delux-bbq,,
Bud,GIBBS,,smokey-bacon,,
Buddy,BURNETT,,grits,,
Caroline,ATKINSON,,coolade,,
Carson,DILLON,,pizza-rolls,,
Casey,VINCENT,,cedar-cheese,,
Chandler,HEATH,,nail-gun,,
Charles-Ray,BRUCE,,baseball-cap,,
Charlton,CARSON,,monster-truck,,
Chester,STEIN,,porch,,
Clarice,CLARKE,,rockin-chair,,
Cleavon,BOOTH,,banjo,,
Cliff,GREER,,stetson,,
Cleon,RICH,,moonshine,,
Cletus,ODONNELL,,whisky,,
Clifton,HINES,,denim-tank-top,,
Clint,HOOD,,chewin-tobako,,
Clyde,BANKS,,pickup,,
Cody,POOLE,,chainsaw,,
Cooper,BERGER,,swamp-buggy,,
Cooter,CAMERON,,cooler-box,,
Coy,BLANKENSHIP,,,,
Dale,MCCLURE,,,,
Daisy,MASSEY,,,,
Delmont,EATON,,,,
Dixie,BARRY,,,,
Doc,RANDALL,,,,
Donny,DAVENPORT,,,,
Duane,TYLER,,,,
Duke,PARRISH,,,,
Dwayne,MELTON,,,,
Earl,DYER,,,,
Elrod,WHITAKER,,,,
Enos,STOUT,,,,
Eustice,BOND,,,,
Florence,ROY,,,,
Floyd,SNOW,,,,
Floyd-William,WYATT,,,,
Ford,SAWYER,,,,
Forrest,KNAPP,,,,
Garth,BAXTER,,,,
Georgina,HENSON,,,,
Harley,NOLAN,,,,
Henrietta,BARTLETT,,,,
Homer,SCHAEFER,,,,
Horace,MARKS,,,,
Houston,STARK,,,,
Huck,NIELSEN,,,,
Iris,CLAYTON,,,,
Jackson,GATES,,,,
Jed,SEXTON,,,,
Jefferson,TATE,,,,
Jerry-Lee,TANNER,,,,
Jim-Bob,BASS,,,,
Jimmy Don,MCKEE,,,,
Joe-Bob,MATHEWS,,,,
John-Boy,HERMAN,,,,
Josephine,SHIELDS,,,,
Junior,STEPHENSON,,,,
Keaton,REILLY,,,,
Lee,HURST,,,,
Lonnie,JOHNS,,,,
Lucille,VANCE,,,,
Luther,RICHARD,,,,
Lyla,HOBBS,,,,
Lynn,BUCK,,,,
Mary-Grace,KERR,,,,
Magnolia,GRIMES,,,,
Micah,BROWNING,,,,
Otis,KEITH,,,,
Owen,COLLIER,,,,
Percy,MCKENZIE,,,,
Pervis,MORSE,,,,
Phoebe,CONRAD,,,,
Quinn,HUTCHINSON,,,,
Raleigh,HOWE,,,,
Ray-Nathan,SAVAGE,,,,
Rebel,HAMPTON,,,,
Rhett,BOYLE,,,,
Ricky,DONOVAN,,,,
Robbie,HEBERT,,,,
Rocky,MAYER,,,,
Roscoe,COPELAND,,,,
Rowan,NASH,,,,
Roy,BRIDGES,,,,
Rufus,STAFFORD,,,,
Saggory,GOLDEN,,,,
Sally,KENT,,,,
Scarlett,MCMAHON,,,,
Sheridan,ROACH,,,,
Sherman,WILKINS,,,,
Spencer,MAHONEY,,,,
Stella,PECK,,,,
Tabitha,HULL,,,,
Tiberius,LOPEZ,,,,
Tommy,DOUGHERTY,,,,
Tommy-Lee,BEARD,,,,
Trigger,CONWAY,,,,
Tucker,CASE,,,,
Tyler,LEACH,,,,
Violet,BARR,,,,
Virginia,LEBLANC,,,,
Wade,PENNINGTON,,,,
Walker,HODGE,,,,
Wayne,HURLEY,,,,
Wilbur,ORR,,,,
Woody,FROST,,,,
Yates,STOKES,,,,
Zadie,CHRISTIAN,,,,